01///Yigitcan///Keskin///Manager///admin///admin///yc.keskin.1903@gmail.com&&&yigitcankkeskin@gmail.com
02///mert///Kesik///Employee///employee///employee///yc.keskin.1903@gmail.com&&&yigitcankkeskin@gmail.com&&&melisyurtsevenn@gmail.com
03///mericeyn///parker///Employee///mericeyn_03///mericeyn123///mericeyn_03@gmail.com
04///Peter///parker///Employee///Peter_SpiderMan///mericeyn123///der@gmail.com&&&man@gmail.com&&&noway@gmail.com&&&home@gmail.com
05///UncleBen///parker///Employee///Peter_SpiderMan///mericeyn123///der@gmail.com&&&man@gmail.com&&&noway@gmail.com
07///asım///asd///Employee///yiğit///123123///yciakwdml@gmail.com&&&yc.keskin.1903@gmail.com
